<?xml version="1.0" encoding="utf-16"?>
<categories>
  <category>
    <products-count>25</products-count>
    <average-price>843.6208</average-price>
    <total-revenue>21090.52</total-revenue>
  </category>
  <category>
    <products-count>22</products-count>
    <average-price>682.815</average-price>
    <total-revenue>15021.93</total-revenue>
  </category>
  <category>
    <products-count>22</products-count>
    <average-price>648.03454545454545454545454545</average-price>
    <total-revenue>14256.76</total-revenue>
  </category>
  <category>
    <products-count>22</products-count>
    <average-price>807.3622727272727272727272727</average-price>
    <total-revenue>17761.97</total-revenue>
  </category>
  <category>
    <products-count>20</products-count>
    <average-price>993.1235</average-price>
    <total-revenue>19862.47</total-revenue>
  </category>
  <category>
    <products-count>19</products-count>
    <average-price>741.36684210526315789473684211</average-price>
    <total-revenue>14085.97</total-revenue>
  </category>
  <category>
    <products-count>18</products-count>
    <average-price>842.5505555555555555555555556</average-price>
    <total-revenue>15165.91</total-revenue>
  </category>
  <category>
    <products-count>16</products-count>
    <average-price>750.585</average-price>
    <total-revenue>12009.36</total-revenue>
  </category>
  <category>
    <products-count>15</products-count>
    <average-price>680.30066666666666666666666667</average-price>
    <total-revenue>10204.51</total-revenue>
  </category>
  <category>
    <products-count>12</products-count>
    <average-price>742.91583333333333333333333333</average-price>
    <total-revenue>8914.99</total-revenue>
  </category>
  <category>
    <products-count>9</products-count>
    <average-price>630.97555555555555555555555556</average-price>
    <total-revenue>5678.78</total-revenue>
  </category>
  <category>
    <products-count>0</products-count>
    <average-price>0</average-price>
    <total-revenue>0</total-revenue>
  </category>
  <category>
    <products-count>0</products-count>
    <average-price>0</average-price>
    <total-revenue>0</total-revenue>
  </category>
  <category>
    <products-count>0</products-count>
    <average-price>0</average-price>
    <total-revenue>0</total-revenue>
  </category>
  <category>
    <products-count>0</products-count>
    <average-price>0</average-price>
    <total-revenue>0</total-revenue>
  </category>
  <category>
    <products-count>0</products-count>
    <average-price>0</average-price>
    <total-revenue>0</total-revenue>
  </category>
  <category>
    <products-count>0</products-count>
    <average-price>0</average-price>
    <total-revenue>0</total-revenue>
  </category>
  <category>
    <products-count>0</products-count>
    <average-price>0</average-price>
    <total-revenue>0</total-revenue>
  </category>
  <category>
    <products-count>0</products-count>
    <average-price>0</average-price>
    <total-revenue>0</total-revenue>
  </category>
  <category>
    <products-count>0</products-count>
    <average-price>0</average-price>
    <total-revenue>0</total-revenue>
  </category>
  <category>
    <products-count>0</products-count>
    <average-price>0</average-price>
    <total-revenue>0</total-revenue>
  </category>
  <category>
    <products-count>0</products-count>
    <average-price>0</average-price>
    <total-revenue>0</total-revenue>
  </category>
  <category>
    <products-count>0</products-count>
    <average-price>0</average-price>
    <total-revenue>0</total-revenue>
  </category>
  <category>
    <products-count>0</products-count>
    <average-price>0</average-price>
    <total-revenue>0</total-revenue>
  </category>
  <category>
    <products-count>0</products-count>
    <average-price>0</average-price>
    <total-revenue>0</total-revenue>
  </category>
  <category>
    <products-count>0</products-count>
    <average-price>0</average-price>
    <total-revenue>0</total-revenue>
  </category>
  <category>
    <products-count>0</products-count>
    <average-price>0</average-price>
    <total-revenue>0</total-revenue>
  </category>
  <category>
    <products-count>0</products-count>
    <average-price>0</average-price>
    <total-revenue>0</total-revenue>
  </category>
  <category>
    <products-count>0</products-count>
    <average-price>0</average-price>
    <total-revenue>0</total-revenue>
  </category>
  <category>
    <products-count>0</products-count>
    <average-price>0</average-price>
    <total-revenue>0</total-revenue>
  </category>
  <category>
    <products-count>0</products-count>
    <average-price>0</average-price>
    <total-revenue>0</total-revenue>
  </category>
  <category>
    <products-count>0</products-count>
    <average-price>0</average-price>
    <total-revenue>0</total-revenue>
  </category>
  <category>
    <products-count>0</products-count>
    <average-price>0</average-price>
    <total-revenue>0</total-revenue>
  </category>
  <category name="Drugs">
    <products-count>0</products-count>
    <average-price>0</average-price>
    <total-revenue>0</total-revenue>
  </category>
  <category name="Adult">
    <products-count>0</products-count>
    <average-price>0</average-price>
    <total-revenue>0</total-revenue>
  </category>
  <category name="Electronics">
    <products-count>0</products-count>
    <average-price>0</average-price>
    <total-revenue>0</total-revenue>
  </category>
  <category name="Garden">
    <products-count>0</products-count>
    <average-price>0</average-price>
    <total-revenue>0</total-revenue>
  </category>
  <category name="Weapons">
    <products-count>0</products-count>
    <average-price>0</average-price>
    <total-revenue>0</total-revenue>
  </category>
  <category name="For Children">
    <products-count>0</products-count>
    <average-price>0</average-price>
    <total-revenue>0</total-revenue>
  </category>
  <category name="Sports">
    <products-count>0</products-count>
    <average-price>0</average-price>
    <total-revenue>0</total-revenue>
  </category>
  <category name="Fashion">
    <products-count>0</products-count>
    <average-price>0</average-price>
    <total-revenue>0</total-revenue>
  </category>
  <category name="Autoparts">
    <products-count>0</products-count>
    <average-price>0</average-price>
    <total-revenue>0</total-revenue>
  </category>
  <category name="Business">
    <products-count>0</products-count>
    <average-price>0</average-price>
    <total-revenue>0</total-revenue>
  </category>
  <category name="Other">
    <products-count>0</products-count>
    <average-price>0</average-price>
    <total-revenue>0</total-revenue>
  </category>
</categories>