<?xml version="1.0" encoding="utf-16"?>
<products>
  <product name="Budpak Hemorrhoid Anesthetic" price="1499.29" buyer="Paula Hill" />
  <product name="Budpak Hemorrhoid Anesthetic" price="1499.29" buyer="Jeremy Woods" />
  <product name="Budpak Hemorrhoid Anesthetic" price="1499.29" buyer="Christina Patterson" />
  <product name="Budpak Hemorrhoid Anesthetic" price="1499.29" buyer="Thompson" />
  <product name="Budpak Hemorrhoid Anesthetic" price="1499.29" buyer="Thompson" />
  <product name="Alcohol Free Antiseptic" price="1486.07" buyer="Anna Parker" />
  <product name="Alcohol Free Antiseptic" price="1486.07" buyer="Patricia Fuller" />
  <product name="Alcohol Free Antiseptic" price="1486.07" buyer="Amanda Frazier" />
  <product name="Alcohol Free Antiseptic" price="1486.07" buyer="Joshua Murray" />
  <product name="Alcohol Free Antiseptic" price="1486.07" buyer="Jean Henry" />
  <product name="Etoposide" price="1483.96" buyer="Diana Harvey" />
  <product name="Etoposide" price="1483.96" buyer="Christina Patterson" />
  <product name="Etoposide" price="1483.96" buyer="Patricia Fuller" />
  <product name="Etoposide" price="1483.96" buyer="Cunningham" />
  <product name="Etoposide" price="1483.96" buyer="Arthur Reynolds" />
  <product name="cough and sore throat" price="1482.68" buyer="Cunningham" />
  <product name="cough and sore throat" price="1482.68" buyer="Chris Mitchell" />
  <product name="cough and sore throat" price="1482.68" buyer="Anna Parker" />
  <product name="cough and sore throat" price="1482.68" buyer="Thompson" />
  <product name="cough and sore throat" price="1482.68" buyer="Joshua Murray" />
  <product name="Glycopyrrolate" price="1471.43" buyer="Eugene Stewart" />
  <product name="Glycopyrrolate" price="1471.43" buyer="Jennifer Riley" />
  <product name="Glycopyrrolate" price="1471.43" buyer="Christine Gomez" />
  <product name="Glycopyrrolate" price="1471.43" buyer="Fred Barnes" />
  <product name="Glycopyrrolate" price="1471.43" buyer="Chris Mitchell" />
  <product name="GEMCITABINE" price="1468.11" buyer="Kathy Gilbert" />
  <product name="GEMCITABINE" price="1468.11" buyer="Emily Parker" />
  <product name="GEMCITABINE" price="1468.11" buyer="Jennifer Riley" />
  <product name="GEMCITABINE" price="1468.11" buyer="Eugene Stewart" />
  <product name="GEMCITABINE" price="1468.11" buyer="Diana Harvey" />
  <product name="Treatment Set TS336667" price="1466.47" buyer="Diana Harvey" />
  <product name="Treatment Set TS336667" price="1466.47" buyer="Diana Harvey" />
  <product name="Treatment Set TS336667" price="1466.47" buyer="Christine Gomez" />
  <product name="Treatment Set TS336667" price="1466.47" buyer="Chris Mitchell" />
  <product name="Treatment Set TS336667" price="1466.47" buyer="Jonathan Rodriguez" />
  <product name="Gilotrif" price="1454.77" buyer="Arthur Reynolds" />
  <product name="Gilotrif" price="1454.77" buyer="Patricia Fuller" />
  <product name="Gilotrif" price="1454.77" buyer="Paula Hill" />
  <product name="Gilotrif" price="1454.77" buyer="Paula Hill" />
  <product name="Gilotrif" price="1454.77" buyer="Jacqueline Perez" />
  <product name="Effervescent Cold Relief" price="1436.07" buyer="Jennifer Riley" />
  <product name="Effervescent Cold Relief" price="1436.07" buyer="Sarah Day" />
  <product name="Effervescent Cold Relief" price="1436.07" buyer="Joshua Murray" />
  <product name="Effervescent Cold Relief" price="1436.07" buyer="Patricia Fuller" />
  <product name="Effervescent Cold Relief" price="1436.07" buyer="Ann Stevens" />
  <product name="Triamterene and Hydrochlorothiazide" price="1416.59" buyer="Ann Stevens" />
  <product name="Triamterene and Hydrochlorothiazide" price="1416.59" buyer="Joshua Murray" />
  <product name="Triamterene and Hydrochlorothiazide" price="1416.59" buyer="Joshua Murray" />
  <product name="Triamterene and Hydrochlorothiazide" price="1416.59" buyer="Diana Harvey" />
  <product name="Triamterene and Hydrochlorothiazide" price="1416.59" buyer="Diana Harvey" />
  <product name="Metoprolol Tartrate" price="1405.74" buyer="Diana Harvey" />
  <product name="Metoprolol Tartrate" price="1405.74" buyer="Fred Barnes" />
  <product name="Metoprolol Tartrate" price="1405.74" buyer="Marie Williamson" />
  <product name="Metoprolol Tartrate" price="1405.74" buyer="Arthur Reynolds" />
  <product name="Metoprolol Tartrate" price="1405.74" buyer="Arthur Reynolds" />
  <product name="Wintergreen Isopropyl Alcohol" price="1397.57" buyer="Cunningham" />
  <product name="Wintergreen Isopropyl Alcohol" price="1397.57" buyer="Chris Mitchell" />
  <product name="Wintergreen Isopropyl Alcohol" price="1397.57" buyer="Marie Williamson" />
  <product name="Wintergreen Isopropyl Alcohol" price="1397.57" buyer="Kathy Gilbert" />
  <product name="Wintergreen Isopropyl Alcohol" price="1397.57" buyer="Christina Patterson" />
  <product name="Warfarin Sodium" price="1379.79" buyer="Jean Henry" />
  <product name="Warfarin Sodium" price="1379.79" buyer="Jean Henry" />
  <product name="Warfarin Sodium" price="1379.79" buyer="Ann Stevens" />
  <product name="Warfarin Sodium" price="1379.79" buyer="Thompson" />
  <product name="Warfarin Sodium" price="1379.79" buyer="Arthur Reynolds" />
  <product name="Nevirapine" price="1374.72" buyer="Chris Mitchell" />
  <product name="Nevirapine" price="1374.72" buyer="Thomas Snyder" />
  <product name="Nevirapine" price="1374.72" buyer="Sarah Day" />
  <product name="Nevirapine" price="1374.72" buyer="Eugene Stewart" />
  <product name="Nevirapine" price="1374.72" buyer="Christina Patterson" />
  <product name="Finasteride" price="1374.01" buyer="Paula Hill" />
  <product name="Finasteride" price="1374.01" buyer="Eugene Stewart" />
  <product name="Finasteride" price="1374.01" buyer="Jacqueline Perez" />
  <product name="Finasteride" price="1374.01" buyer="Chris Mitchell" />
  <product name="Finasteride" price="1374.01" buyer="Chris Mitchell" />
  <product name="EMEND" price="1365.51" buyer="Marie Williamson" />
  <product name="EMEND" price="1365.51" buyer="Jonathan Rodriguez" />
  <product name="EMEND" price="1365.51" buyer="Jennifer Riley" />
  <product name="EMEND" price="1365.51" buyer="Billy Parker" />
  <product name="EMEND" price="1365.51" buyer="Kathy Gilbert" />
  <product name="Leg Cramp Relief" price="1345.69" buyer="Jacqueline Perez" />
  <product name="Leg Cramp Relief" price="1345.69" buyer="Jean Henry" />
  <product name="Leg Cramp Relief" price="1345.69" buyer="Jonathan Rodriguez" />
  <product name="Leg Cramp Relief" price="1345.69" buyer="Patricia Fuller" />
  <product name="Leg Cramp Relief" price="1345.69" buyer="Patricia Fuller" />
  <product name="Labetalol Hydrochloride" price="1345.11" buyer="Betty Ward" />
  <product name="Labetalol Hydrochloride" price="1345.11" buyer="Arthur Reynolds" />
  <product name="Labetalol Hydrochloride" price="1345.11" buyer="Marie Williamson" />
  <product name="Labetalol Hydrochloride" price="1345.11" buyer="Marie Williamson" />
  <product name="Labetalol Hydrochloride" price="1345.11" buyer="Ann Stevens" />
  <product name="Archangelica Eucalyptus" price="1334.91" buyer="Jonathan Rodriguez" />
  <product name="Archangelica Eucalyptus" price="1334.91" buyer="Thomas Snyder" />
  <product name="Archangelica Eucalyptus" price="1334.91" buyer="Jonathan Rodriguez" />
  <product name="Archangelica Eucalyptus" price="1334.91" buyer="Paula Hill" />
  <product name="Archangelica Eucalyptus" price="1334.91" buyer="Paula Hill" />
  <product name="Fosphenytoin Sodium" price="1334.06" buyer="Christine Gomez" />
  <product name="Fosphenytoin Sodium" price="1334.06" buyer="Joshua Murray" />
  <product name="Fosphenytoin Sodium" price="1334.06" buyer="Jennifer Riley" />
  <product name="Fosphenytoin Sodium" price="1334.06" buyer="Arthur Reynolds" />
  <product name="Fosphenytoin Sodium" price="1334.06" buyer="Cunningham" />
  <product name="Ibuprofen" price="1305.96" buyer="Bonnie Fox" />
  <product name="Ibuprofen" price="1305.96" buyer="Bonnie Fox" />
  <product name="Ibuprofen" price="1305.96" buyer="Thompson" />
  <product name="Ibuprofen" price="1305.96" buyer="Joshua Murray" />
  <product name="Ibuprofen" price="1305.96" buyer="Christine Gomez" />
  <product name="Zonisamide" price="1305.41" buyer="Christina Patterson" />
  <product name="Zonisamide" price="1305.41" buyer="Christina Patterson" />
  <product name="Zonisamide" price="1305.41" buyer="Eugene Stewart" />
  <product name="Zonisamide" price="1305.41" buyer="Sarah Day" />
  <product name="Zonisamide" price="1305.41" buyer="Patricia Cooper" />
  <product name="MEDI-FIRST Non-Aspirin" price="1301.28" buyer="Patricia Fuller" />
  <product name="MEDI-FIRST Non-Aspirin" price="1301.28" buyer="Cunningham" />
  <product name="MEDI-FIRST Non-Aspirin" price="1301.28" buyer="Chris Mitchell" />
  <product name="MEDI-FIRST Non-Aspirin" price="1301.28" buyer="Diana Harvey" />
  <product name="MEDI-FIRST Non-Aspirin" price="1301.28" buyer="Paula Hill" />
  <product name="VITALUMIERE AQUA" price="1293.09" buyer="Kathy Gilbert" />
  <product name="VITALUMIERE AQUA" price="1293.09" buyer="Jean Henry" />
  <product name="VITALUMIERE AQUA" price="1293.09" buyer="Cunningham" />
  <product name="VITALUMIERE AQUA" price="1293.09" buyer="Patricia Fuller" />
  <product name="VITALUMIERE AQUA" price="1293.09" buyer="Patricia Cooper" />
  <product name="Prednisone" price="1285.99" buyer="Ann Stevens" />
  <product name="Prednisone" price="1285.99" buyer="Patricia Fuller" />
  <product name="Prednisone" price="1285.99" buyer="Sarah Day" />
  <product name="Prednisone" price="1285.99" buyer="Jennifer Riley" />
  <product name="Prednisone" price="1285.99" buyer="Billy Parker" />
  <product name="Topex" price="1258.49" buyer="Jeremy Woods" />
  <product name="Topex" price="1258.49" buyer="Fred Barnes" />
  <product name="Topex" price="1258.49" buyer="Patricia Fuller" />
  <product name="Topex" price="1258.49" buyer="Patricia Fuller" />
  <product name="Topex" price="1258.49" buyer="Jonathan Rodriguez" />
  <product name="IOPE RETIGEN MOISTURE TWIN CAKE NO.21" price="1257.71" buyer="Anna Parker" />
  <product name="IOPE RETIGEN MOISTURE TWIN CAKE NO.21" price="1257.71" buyer="Chris Mitchell" />
  <product name="IOPE RETIGEN MOISTURE TWIN CAKE NO.21" price="1257.71" buyer="Christine Gomez" />
  <product name="IOPE RETIGEN MOISTURE TWIN CAKE NO.21" price="1257.71" buyer="Billy Parker" />
  <product name="IOPE RETIGEN MOISTURE TWIN CAKE NO.21" price="1257.71" buyer="Joshua Murray" />
  <product name="XtraCare Foam Antibacterial Hand Wash" price="1251.97" buyer="Diana Harvey" />
  <product name="XtraCare Foam Antibacterial Hand Wash" price="1251.97" buyer="Jacqueline Perez" />
  <product name="XtraCare Foam Antibacterial Hand Wash" price="1251.97" buyer="Kathy Gilbert" />
  <product name="XtraCare Foam Antibacterial Hand Wash" price="1251.97" buyer="Arthur Reynolds" />
  <product name="XtraCare Foam Antibacterial Hand Wash" price="1251.97" buyer="Marie Williamson" />
  <product name="Oxygen" price="1242.92" buyer="Bonnie Fox" />
  <product name="Oxygen" price="1242.92" buyer="Fred Barnes" />
  <product name="Oxygen" price="1242.92" buyer="Fred Barnes" />
  <product name="Oxygen" price="1242.92" buyer="Paula Hill" />
  <product name="Oxygen" price="1242.92" buyer="Joshua Murray" />
  <product name="Aspergillus repens" price="1231.42" buyer="Emily Parker" />
  <product name="Aspergillus repens" price="1231.42" buyer="Fred Barnes" />
  <product name="Aspergillus repens" price="1231.42" buyer="Christine Gomez" />
  <product name="Aspergillus repens" price="1231.42" buyer="Bonnie Fox" />
  <product name="Aspergillus repens" price="1231.42" buyer="Thompson" />
  <product name="Topical 60 Sec Sodium Fluoride" price="1228.84" buyer="Marie Williamson" />
  <product name="Topical 60 Sec Sodium Fluoride" price="1228.84" buyer="Ann Stevens" />
  <product name="Topical 60 Sec Sodium Fluoride" price="1228.84" buyer="Betty Ward" />
  <product name="Topical 60 Sec Sodium Fluoride" price="1228.84" buyer="Chris Mitchell" />
  <product name="Topical 60 Sec Sodium Fluoride" price="1228.84" buyer="Joshua Murray" />
  <product name="Nighttime Sleep Aid" price="1217.11" buyer="Joshua Murray" />
  <product name="Nighttime Sleep Aid" price="1217.11" buyer="Diana Harvey" />
  <product name="Nighttime Sleep Aid" price="1217.11" buyer="Jacqueline Perez" />
  <product name="Nighttime Sleep Aid" price="1217.11" buyer="Betty Ward" />
  <product name="Nighttime Sleep Aid" price="1217.11" buyer="Thompson" />
  <product name="Benazepril Hydrochloride and Hydrochlorothiazide" price="1187.27" buyer="Betty Ward" />
  <product name="Benazepril Hydrochloride and Hydrochlorothiazide" price="1187.27" buyer="Anna Parker" />
  <product name="Benazepril Hydrochloride and Hydrochlorothiazide" price="1187.27" buyer="Sarah Day" />
  <product name="Benazepril Hydrochloride and Hydrochlorothiazide" price="1187.27" buyer="Sarah Day" />
  <product name="Benazepril Hydrochloride and Hydrochlorothiazide" price="1187.27" buyer="Amanda Frazier" />
  <product name="PAMO Kill Natural" price="1181.06" buyer="Jennifer Riley" />
  <product name="PAMO Kill Natural" price="1181.06" buyer="Emily Parker" />
  <product name="PAMO Kill Natural" price="1181.06" buyer="Billy Parker" />
  <product name="PAMO Kill Natural" price="1181.06" buyer="Jonathan Rodriguez" />
  <product name="PAMO Kill Natural" price="1181.06" buyer="Ann Stevens" />
  <product name="leader pain reliever" price="1179.79" buyer="Bonnie Fox" />
  <product name="leader pain reliever" price="1179.79" buyer="Billy Parker" />
  <product name="leader pain reliever" price="1179.79" buyer="Billy Parker" />
  <product name="leader pain reliever" price="1179.79" buyer="Jeremy Woods" />
  <product name="leader pain reliever" price="1179.79" buyer="Billy Parker" />
  <product name="Americaine" price="1165.75" buyer="Jacqueline Perez" />
  <product name="Americaine" price="1165.75" buyer="Jacqueline Perez" />
  <product name="Americaine" price="1165.75" buyer="Eugene Stewart" />
  <product name="Americaine" price="1165.75" buyer="Joshua Murray" />
  <product name="Americaine" price="1165.75" buyer="Marie Williamson" />
  <product name="Baza Antifungal" price="1162.34" buyer="Thompson" />
  <product name="Baza Antifungal" price="1162.34" buyer="Jonathan Rodriguez" />
  <product name="Baza Antifungal" price="1162.34" buyer="Patricia Cooper" />
  <product name="Baza Antifungal" price="1162.34" buyer="Anna Parker" />
  <product name="Baza Antifungal" price="1162.34" buyer="Billy Parker" />
  <product name="Pollens - Trees, Birch Mix" price="1153.54" buyer="Billy Parker" />
  <product name="Pollens - Trees, Birch Mix" price="1153.54" buyer="Kathy Gilbert" />
  <product name="Pollens - Trees, Birch Mix" price="1153.54" buyer="Jean Henry" />
  <product name="Pollens - Trees, Birch Mix" price="1153.54" buyer="Sarah Day" />
  <product name="Pollens - Trees, Birch Mix" price="1153.54" buyer="Jonathan Rodriguez" />
  <product name="Flumazenil" price="1151.37" buyer="Thomas Snyder" />
  <product name="Flumazenil" price="1151.37" buyer="Chris Mitchell" />
  <product name="Flumazenil" price="1151.37" buyer="Cunningham" />
  <product name="Flumazenil" price="1151.37" buyer="Cunningham" />
  <product name="Flumazenil" price="1151.37" buyer="Sarah Day" />
  <product name="DIPYRIDAMOLE" price="1150.67" buyer="Eugene Stewart" />
  <product name="DIPYRIDAMOLE" price="1150.67" buyer="Christina Patterson" />
  <product name="DIPYRIDAMOLE" price="1150.67" buyer="Billy Parker" />
  <product name="DIPYRIDAMOLE" price="1150.67" buyer="Betty Ward" />
  <product name="DIPYRIDAMOLE" price="1150.67" buyer="Marie Williamson" />
  <product name="Laser Block 100" price="1135.43" buyer="Ann Stevens" />
  <product name="Laser Block 100" price="1135.43" buyer="Paula Hill" />
  <product name="Laser Block 100" price="1135.43" buyer="Christine Gomez" />
  <product name="Laser Block 100" price="1135.43" buyer="Jean Henry" />
  <product name="Laser Block 100" price="1135.43" buyer="Jean Henry" />
  <product name="Lorazepam" price="1134.96" buyer="Jean Henry" />
  <product name="Lorazepam" price="1134.96" buyer="Christina Patterson" />
  <product name="Lorazepam" price="1134.96" buyer="Betty Ward" />
  <product name="Lorazepam" price="1134.96" buyer="Anna Parker" />
  <product name="Lorazepam" price="1134.96" buyer="Patricia Fuller" />
  <product name="PREMIER VALUE ALLERGY" price="1127.61" buyer="Arthur Reynolds" />
  <product name="PREMIER VALUE ALLERGY" price="1127.61" buyer="Fred Barnes" />
  <product name="PREMIER VALUE ALLERGY" price="1127.61" buyer="Fred Barnes" />
  <product name="PREMIER VALUE ALLERGY" price="1127.61" buyer="Jean Henry" />
  <product name="PREMIER VALUE ALLERGY" price="1127.61" buyer="Eugene Stewart" />
  <product name="Head and Shoulders Conditioner" price="1099.59" buyer="Christine Gomez" />
  <product name="Head and Shoulders Conditioner" price="1099.59" buyer="Paula Hill" />
  <product name="Head and Shoulders Conditioner" price="1099.59" buyer="Christina Patterson" />
  <product name="Head and Shoulders Conditioner" price="1099.59" buyer="Bonnie Fox" />
  <product name="Head and Shoulders Conditioner" price="1099.59" buyer="Ann Stevens" />
  <product name="XANTHIUM STRUMARIUM VAR CANADENSE POLLEN" price="1091.38" buyer="Betty Ward" />
  <product name="XANTHIUM STRUMARIUM VAR CANADENSE POLLEN" price="1091.38" buyer="Arthur Reynolds" />
  <product name="XANTHIUM STRUMARIUM VAR CANADENSE POLLEN" price="1091.38" buyer="Emily Parker" />
  <product name="XANTHIUM STRUMARIUM VAR CANADENSE POLLEN" price="1091.38" buyer="Eugene Stewart" />
  <product name="XANTHIUM STRUMARIUM VAR CANADENSE POLLEN" price="1091.38" buyer="Sarah Day" />
  <product name="up and up temporary minor arthritis pain relief" price="1085.78" buyer="Jacqueline Perez" />
  <product name="up and up temporary minor arthritis pain relief" price="1085.78" buyer="Christine Gomez" />
  <product name="up and up temporary minor arthritis pain relief" price="1085.78" buyer="Arthur Reynolds" />
  <product name="up and up temporary minor arthritis pain relief" price="1085.78" buyer="Anna Parker" />
  <product name="up and up temporary minor arthritis pain relief" price="1085.78" buyer="Thompson" />
  <product name="LBEL Couleur Luxe Rouge Amplifier XP amplifying SPF 15" price="1069.43" buyer="Christina Patterson" />
  <product name="LBEL Couleur Luxe Rouge Amplifier XP amplifying SPF 15" price="1069.43" buyer="Jeremy Woods" />
  <product name="LBEL Couleur Luxe Rouge Amplifier XP amplifying SPF 15" price="1069.43" buyer="Jeremy Woods" />
  <product name="LBEL Couleur Luxe Rouge Amplifier XP amplifying SPF 15" price="1069.43" buyer="Billy Parker" />
  <product name="LBEL Couleur Luxe Rouge Amplifier XP amplifying SPF 15" price="1069.43" buyer="Jacqueline Perez" />
  <product name="Acetic Acid" price="1060.43" buyer="Eugene Stewart" />
  <product name="Acetic Acid" price="1060.43" buyer="Paula Hill" />
  <product name="Acetic Acid" price="1060.43" buyer="Billy Parker" />
  <product name="Acetic Acid" price="1060.43" buyer="Kathy Gilbert" />
  <product name="Acetic Acid" price="1060.43" buyer="Betty Ward" />
  <product name="Ringers" price="1054.37" buyer="Jonathan Rodriguez" />
  <product name="Ringers" price="1054.37" buyer="Fred Barnes" />
  <product name="Ringers" price="1054.37" buyer="Christina Patterson" />
  <product name="Ringers" price="1054.37" buyer="Billy Parker" />
  <product name="Ringers" price="1054.37" buyer="Jennifer Riley" />
  <product name="Aspen" price="1046.46" buyer="Diana Harvey" />
  <product name="Aspen" price="1046.46" buyer="Paula Hill" />
  <product name="Aspen" price="1046.46" buyer="Kathy Gilbert" />
  <product name="Aspen" price="1046.46" buyer="Betty Ward" />
  <product name="Aspen" price="1046.46" buyer="Anna Parker" />
  <product name="SEPHORA Acne-Fighting Mattifying Moisturizer" price="1019.28" buyer="Betty Ward" />
  <product name="SEPHORA Acne-Fighting Mattifying Moisturizer" price="1019.28" buyer="Arthur Reynolds" />
  <product name="SEPHORA Acne-Fighting Mattifying Moisturizer" price="1019.28" buyer="Marie Williamson" />
  <product name="SEPHORA Acne-Fighting Mattifying Moisturizer" price="1019.28" buyer="Kathy Gilbert" />
  <product name="SEPHORA Acne-Fighting Mattifying Moisturizer" price="1019.28" buyer="Jennifer Riley" />
  <product name="Butalbital, Aspirin and Caffeine" price="1010.98" buyer="Diana Harvey" />
  <product name="Butalbital, Aspirin and Caffeine" price="1010.98" buyer="Jean Henry" />
  <product name="Butalbital, Aspirin and Caffeine" price="1010.98" buyer="Kathy Gilbert" />
  <product name="Butalbital, Aspirin and Caffeine" price="1010.98" buyer="Thomas Snyder" />
  <product name="Butalbital, Aspirin and Caffeine" price="1010.98" buyer="Patricia Fuller" />
</products>