[
  {
    "fullName": "Hai Everton",
    "boughtCars": 6,
    "spentMoney": 29413.69475
  },
  {
    "fullName": "Garret Capron",
    "boughtCars": 7,
    "spentMoney": 26410.72728
  },
  {
    "fullName": "Hipolito Lamoreaux",
    "boughtCars": 4,
    "spentMoney": 23841.0385
  },
  {
    "fullName": "Nisha Markwell",
    "boughtCars": 5,
    "spentMoney": 21465.8010
  },
  {
    "fullName": "Jimmy Grossi",
    "boughtCars": 3,
    "spentMoney": 21322.6596
  },
  {
    "fullName": "Natalie Poli",
    "boughtCars": 3,
    "spentMoney": 19505.90212
  },
  {
    "fullName": "Sylvie Mcelravy",
    "boughtCars": 3,
    "spentMoney": 19483.50405
  },
  {
    "fullName": "Johnette Derryberry",
    "boughtCars": 4,
    "spentMoney": 18597.42192
  },
  {
    "fullName": "Carole Witman",
    "boughtCars": 3,
    "spentMoney": 17428.46798
  },
  {
    "fullName": "Kristian Engberg",
    "boughtCars": 5,
    "spentMoney": 17320.15236
  },
  {
    "fullName": "Marcelle Griego",
    "boughtCars": 2,
    "spentMoney": 13893.02577
  },
  {
    "fullName": "Cinthia Lasala",
    "boughtCars": 3,
    "spentMoney": 12122.53297
  },
  {
    "fullName": "Zada Attwood",
    "boughtCars": 2,
    "spentMoney": 11813.380645
  },
  {
    "fullName": "Francis Mckim",
    "boughtCars": 2,
    "spentMoney": 11101.047825
  },
  {
    "fullName": "Rema Revelle",
    "boughtCars": 3,
    "spentMoney": 10052.41202
  },
  {
    "fullName": "Yvonne Mccalla",
    "boughtCars": 2,
    "spentMoney": 8722.97588
  },
  {
    "fullName": "Taina Achenbach",
    "boughtCars": 2,
    "spentMoney": 7861.617695
  },
  {
    "fullName": "Faustina Burgher",
    "boughtCars": 3,
    "spentMoney": 7399.1669
  },
  {
    "fullName": "Carri Knapik",
    "boughtCars": 2,
    "spentMoney": 7151.43712
  },
  {
    "fullName": "Teddy Hobby",
    "boughtCars": 2,
    "spentMoney": 6735.152095
  },
  {
    "fullName": "Brett Brickley",
    "boughtCars": 2,
    "spentMoney": 6386.7870
  },
  {
    "fullName": "Audrea Cardinal",
    "boughtCars": 2,
    "spentMoney": 6234.72953
  },
  {
    "fullName": "Rico Peer",
    "boughtCars": 1,
    "spentMoney": 4630.49046
  },
  {
    "fullName": "Donnetta Soliz",
    "boughtCars": 1,
    "spentMoney": 4453.70364
  },
  {
    "fullName": "Oren Perlman",
    "boughtCars": 1,
    "spentMoney": 3996.030985
  },
  {
    "fullName": "Daniele Zarate",
    "boughtCars": 1,
    "spentMoney": 2080.86861
  },
  {
    "fullName": "Lino Subia",
    "boughtCars": 1,
    "spentMoney": 1707.92082
  }
]