[
  {
    "Id": 353,
    "Make": "Toyota",
    "Model": "Camry Hybrid",
    "TravelledDistance": 954775807
  },
  {
    "Id": 336,
    "Make": "Toyota",
    "Model": "Camry Hybrid",
    "TravelledDistance": 92275807
  },
  {
    "Id": 357,
    "Make": "Toyota",
    "Model": "Camry Hybrid",
    "TravelledDistance": 2143647
  },
  {
    "Id": 286,
    "Make": "Toyota",
    "Model": "Camry Hybrid",
    "TravelledDistance": 214647
  },
  {
    "Id": 312,
    "Make": "Toyota",
    "Model": "Camry Hybrid",
    "TravelledDistance": 214647
  },
  {
    "Id": 316,
    "Make": "Toyota",
    "Model": "Corolla",
    "TravelledDistance": 9223854775807
  },
  {
    "Id": 337,
    "Make": "Toyota",
    "Model": "Corolla",
    "TravelledDistance": 92235807
  },
  {
    "Id": 355,
    "Make": "Toyota",
    "Model": "Corolla",
    "TravelledDistance": 9223807
  },
  {
    "Id": 348,
    "Make": "Toyota",
    "Model": "Corolla",
    "TravelledDistance": 975807
  },
  {
    "Id": 346,
    "Make": "Toyota",
    "Model": "Corolla",
    "TravelledDistance": 21477
  },
  {
    "Id": 350,
    "Make": "Toyota",
    "Model": "Corolla",
    "TravelledDistance": 2147
  },
  {
    "Id": 340,
    "Make": "Toyota",
    "Model": "Prius",
    "TravelledDistance": 9223354775807
  },
  {
    "Id": 335,
    "Make": "Toyota",
    "Model": "Prius",
    "TravelledDistance": 922337203685
  },
  {
    "Id": 338,
    "Make": "Toyota",
    "Model": "Prius",
    "TravelledDistance": 92233775807
  },
  {
    "Id": 342,
    "Make": "Toyota",
    "Model": "Prius",
    "TravelledDistance": 92233775807
  },
  {
    "Id": 321,
    "Make": "Toyota",
    "Model": "Prius",
    "TravelledDistance": 9223372037
  },
  {
    "Id": 314,
    "Make": "Toyota",
    "Model": "Prius",
    "TravelledDistance": 922337807
  },
  {
    "Id": 317,
    "Make": "Toyota",
    "Model": "Prius",
    "TravelledDistance": 922337207
  },
  {
    "Id": 288,
    "Make": "Toyota",
    "Model": "Prius",
    "TravelledDistance": 922335807
  },
  {
    "Id": 352,
    "Make": "Toyota",
    "Model": "Prius",
    "TravelledDistance": 925807
  },
  {
    "Id": 345,
    "Make": "Toyota",
    "Model": "Prius",
    "TravelledDistance": 283647
  },
  {
    "Id": 319,
    "Make": "Toyota",
    "Model": "Prius",
    "TravelledDistance": 214747
  },
  {
    "Id": 349,
    "Make": "Toyota",
    "Model": "Prius",
    "TravelledDistance": 21477
  },
  {
    "Id": 356,
    "Make": "Toyota",
    "Model": "Prius",
    "TravelledDistance": 21477
  },
  {
    "Id": 320,
    "Make": "Toyota",
    "Model": "Tacoma",
    "TravelledDistance": 96854775807
  },
  {
    "Id": 351,
    "Make": "Toyota",
    "Model": "Tacoma",
    "TravelledDistance": 922337807
  },
  {
    "Id": 318,
    "Make": "Toyota",
    "Model": "Tacoma",
    "TravelledDistance": 94775807
  },
  {
    "Id": 287,
    "Make": "Toyota",
    "Model": "Tacoma",
    "TravelledDistance": 21474647
  },
  {
    "Id": 354,
    "Make": "Toyota",
    "Model": "Tacoma",
    "TravelledDistance": 9225807
  },
  {
    "Id": 315,
    "Make": "Toyota",
    "Model": "Tacoma",
    "TravelledDistance": 2147
  },
  {
    "Id": 344,
    "Make": "Toyota",
    "Model": "Tacoma",
    "TravelledDistance": 927
  },
  {
    "Id": 341,
    "Make": "Toyota",
    "Model": "Tacoma",
    "TravelledDistance": 247
  },
  {
    "Id": 347,
    "Make": "Toyota",
    "Model": "Yaris",
    "TravelledDistance": 94775807
  },
  {
    "Id": 324,
    "Make": "Toyota",
    "Model": "Yaris",
    "TravelledDistance": 21477
  },
  {
    "Id": 339,
    "Make": "Toyota",
    "Model": "Yaris",
    "TravelledDistance": 21477
  },
  {
    "Id": 343,
    "Make": "Toyota",
    "Model": "Yaris",
    "TravelledDistance": 9207
  }
]