[
  {
    "firstName": "Fred",
    "lastName": "Allen",
    "soldProducts": [
      {
        "name": "Pioglitazone",
        "price": 306.56,
        "buyerLastName": "Fox"
      },
      {
        "name": "GOONG SECRET CALMING BATH",
        "price": 742.47,
        "buyerLastName": "Fox"
      },
      {
        "name": "ropinirole hydrochloride",
        "price": 103.58,
        "buyerLastName": "Stewart"
      },
      {
        "name": "ENBREL",
        "price": 673.97,
        "buyerLastName": "Stewart"
      },
      {
        "name": "Glipizide",
        "price": 621.78,
        "buyerFirstName": "Rachel",
        "buyerLastName": "Johnson"
      },
      {
        "name": "Aspen",
        "price": 1046.46,
        "buyerFirstName": "Benjamin",
        "buyerLastName": "Henry"
      },
      {
        "name": "Parsley",
        "price": 519.06,
        "buyerFirstName": "Benjamin",
        "buyerLastName": "Henry"
      },
      {
        "name": "Dover Aminophen",
        "price": 192.07,
        "buyerFirstName": "Nicole",
        "buyerLastName": "Harris"
      }
    ]
  },
  {
    "firstName": "Fred",
    "lastName": "Barnes",
    "soldProducts": [
      {
        "name": "ROPINIROLE HYDROCHLORIDE",
        "price": 266.44,
        "buyerFirstName": "Gloria",
        "buyerLastName": "Alexander"
      },
      {
        "name": "Acetaminophen, Chlorpheniramine Maleate, Dextromethorphan Hydrobromide, Phenylephrine Hydrochloride",
        "price": 1028.27,
        "buyerLastName": "Peterson"
      },
      {
        "name": "Myristica Argentum Sinus Relief",
        "price": 904.52,
        "buyerFirstName": "Patrick",
        "buyerLastName": "King"
      },
      {
        "name": "RESCRIPTOR",
        "price": 850.52,
        "buyerLastName": "Fox"
      },
      {
        "name": "Glyburide",
        "price": 95.10,
        "buyerFirstName": "Carl",
        "buyerLastName": "Lawson"
      },
      {
        "name": "cough and sore throat",
        "price": 1482.68,
        "buyerFirstName": "Gary",
        "buyerLastName": "Stevens"
      }
    ]
  },
  {
    "firstName": "Anna",
    "lastName": "Clark",
    "soldProducts": [
      {
        "name": "Extra Strength Pain Reliever PM",
        "price": 542.72,
        "buyerLastName": "Stewart"
      },
      {
        "name": "Homeopathic Rheumatism",
        "price": 967.08,
        "buyerLastName": "Peterson"
      },
      {
        "name": "olio activ mouthwash",
        "price": 206.06,
        "buyerFirstName": "Nicole",
        "buyerLastName": "Martinez"
      }
    ]
  },
  {
    "firstName": "Patricia",
    "lastName": "Cooper",
    "soldProducts": [
      {
        "name": "Spironolactone",
        "price": 933.69,
        "buyerLastName": "Harrison"
      },
      {
        "name": "Wintergreen Isopropyl Alcohol",
        "price": 1397.57,
        "buyerLastName": "Stewart"
      },
      {
        "name": "AMARANTHUS PALMERI POLLEN",
        "price": 623.16,
        "buyerFirstName": "Brandon",
        "buyerLastName": "Fuller"
      },
      {
        "name": "Irbesartan and Hydrochlorothiazide",
        "price": 308.30,
        "buyerLastName": "Bennett"
      },
      {
        "name": "Finasteride",
        "price": 1374.01,
        "buyerFirstName": "Gary",
        "buyerLastName": "Stevens"
      }
    ]
  },
  {
    "lastName": "Cunningham",
    "soldProducts": [
      {
        "name": "Buprenorphine hydrochloride",
        "price": 391.05,
        "buyerFirstName": "Brenda",
        "buyerLastName": "Howell"
      },
      {
        "name": "ziprasidone hydrochloride",
        "price": 628.66,
        "buyerLastName": "Peterson"
      },
      {
        "name": "ESIKA 3-IN-1 PRO MAKE UP FOUNDATION SPF 20 BASE DE MAQUILLAJE PARA ROSTRO 3-EN-1 PRO FPS 20",
        "price": 1097.60,
        "buyerLastName": "Peterson"
      },
      {
        "name": "Nighttime Sleep Aid",
        "price": 1217.11,
        "buyerFirstName": "Gloria",
        "buyerLastName": "Alexander"
      }
    ]
  },
  {
    "firstName": "Carl",
    "lastName": "Daniels",
    "soldProducts": [
      {
        "name": "LBEL Couleur Luxe Rouge Amplifier XP amplifying SPF 15",
        "price": 1069.43,
        "buyerFirstName": "Gloria",
        "buyerLastName": "Alexander"
      },
      {
        "name": "ANXIETY/STRESS RELIEF",
        "price": 324.66,
        "buyerFirstName": "Benjamin",
        "buyerLastName": "Henry"
      },
      {
        "name": "CEDAX",
        "price": 342.86,
        "buyerFirstName": "Wanda",
        "buyerLastName": "Harris"
      },
      {
        "name": "IOPE RETIGEN MOISTURE TWIN CAKE NO.21",
        "price": 1257.71,
        "buyerFirstName": "Doris",
        "buyerLastName": "Cook"
      },
      {
        "name": "kirkland signature minoxidil",
        "price": 49.17,
        "buyerLastName": "Mitchell"
      },
      {
        "name": "Allopurinol",
        "price": 518.50,
        "buyerFirstName": "Gary",
        "buyerLastName": "Stevens"
      }
    ]
  },
  {
    "firstName": "Sarah",
    "lastName": "Day",
    "soldProducts": [
      {
        "name": "Leflunomide",
        "price": 312.85,
        "buyerFirstName": "Gary",
        "buyerLastName": "Stevens"
      },
      {
        "name": "Cefadroxil",
        "price": 1302.20,
        "buyerLastName": "Bennett"
      },
      {
        "name": "PAMO Kill Natural",
        "price": 1181.06,
        "buyerLastName": "Bennett"
      },
      {
        "name": "Fosphenytoin Sodium",
        "price": 1334.06,
        "buyerLastName": "Fox"
      },
      {
        "name": "Prednisone",
        "price": 550.72,
        "buyerLastName": "Baker"
      },
      {
        "name": "Pollens - Trees, Birch Mix",
        "price": 1153.54,
        "buyerFirstName": "Rachel",
        "buyerLastName": "Johnson"
      }
    ]
  },
  {
    "firstName": "Clarence",
    "lastName": "Fowler",
    "soldProducts": [
      {
        "name": "Ranitidine",
        "price": 926.64,
        "buyerFirstName": "Brenda",
        "buyerLastName": "Howell"
      }
    ]
  },
  {
    "firstName": "Bonnie",
    "lastName": "Fox",
    "soldProducts": [
      {
        "name": "Topex",
        "price": 1258.49,
        "buyerLastName": "Bennett"
      },
      {
        "name": "Foaming Hand Sanitizer",
        "price": 624.72,
        "buyerLastName": "Mitchell"
      }
    ]
  },
  {
    "firstName": "Amanda",
    "lastName": "Frazier",
    "soldProducts": [
      {
        "name": "Flumazenil",
        "price": 1151.37,
        "buyerFirstName": "Gary",
        "buyerLastName": "Stevens"
      },
      {
        "name": "VITALUMIERE AQUA",
        "price": 1293.09,
        "buyerFirstName": "Rachel",
        "buyerLastName": "Johnson"
      },
      {
        "name": "Amitiza",
        "price": 666.58,
        "buyerFirstName": "Nicole",
        "buyerLastName": "Martinez"
      }
    ]
  },
  {
    "firstName": "Patricia",
    "lastName": "Fuller",
    "soldProducts": [
      {
        "name": "CARBIDOPA AND LEVODOPA",
        "price": 441.64,
        "buyerLastName": "Harrison"
      },
      {
        "name": "Azithromycin",
        "price": 813.87,
        "buyerLastName": "Bennett"
      },
      {
        "name": "Glipizide and Metformin Hydrochloride",
        "price": 953.60,
        "buyerFirstName": "Brandon",
        "buyerLastName": "Fuller"
      },
      {
        "name": "Hydralazine Hydrochloride",
        "price": 1309.72,
        "buyerFirstName": "Brandon",
        "buyerLastName": "Fuller"
      },
      {
        "name": "ORCHID SECRET PACT",
        "price": 59.53,
        "buyerLastName": "Stewart"
      }
    ]
  },
  {
    "firstName": "Kathy",
    "lastName": "Gilbert",
    "soldProducts": [
      {
        "name": "Warfarin Sodium",
        "price": 1379.79,
        "buyerLastName": "Moreno"
      },
      {
        "name": "Acetic Acid",
        "price": 1060.43,
        "buyerFirstName": "Brenda",
        "buyerLastName": "Howell"
      },
      {
        "name": "Gilotrif",
        "price": 1454.77,
        "buyerFirstName": "Carl",
        "buyerLastName": "Lawson"
      },
      {
        "name": "Moore Medical Sinus Pain and Pressure Relief",
        "price": 855.39,
        "buyerFirstName": "Wanda",
        "buyerLastName": "Harris"
      },
      {
        "name": "Imipramine Hydrochloride",
        "price": 648.69,
        "buyerFirstName": "Patrick",
        "buyerLastName": "King"
      }
    ]
  },
  {
    "firstName": "Christine",
    "lastName": "Gomez",
    "soldProducts": [
      {
        "name": "Naproxen",
        "price": 807.22,
        "buyerFirstName": "Patrick",
        "buyerLastName": "King"
      },
      {
        "name": "SNORING HP",
        "price": 53.59,
        "buyerLastName": "Baker"
      },
      {
        "name": "Fexofenadine HCl and Pseudoephedrine HCI",
        "price": 73.07,
        "buyerLastName": "Harrison"
      }
    ]
  },
  {
    "firstName": "Diana",
    "lastName": "Harvey",
    "soldProducts": [
      {
        "name": "Head and Shoulders Conditioner",
        "price": 1099.59,
        "buyerFirstName": "Nicole",
        "buyerLastName": "Martinez"
      },
      {
        "name": "No7 Protect and Perfect Foundation Sunscreen Broad Spectrum SPF 15 Cool Ivory",
        "price": 616.19,
        "buyerLastName": "Stewart"
      },
      {
        "name": "EMEND",
        "price": 1365.51,
        "buyerLastName": "Peterson"
      },
      {
        "name": "CALMING DIAPER RASH",
        "price": 700.92,
        "buyerFirstName": "Sandra",
        "buyerLastName": "Riley"
      },
      {
        "name": "MEDI-FIRST Non-Aspirin",
        "price": 1301.28,
        "buyerFirstName": "Carl",
        "buyerLastName": "Lawson"
      },
      {
        "name": "Treatment Set TS336667",
        "price": 1466.47,
        "buyerLastName": "Fox"
      },
      {
        "name": "Almond",
        "price": 367.32,
        "buyerLastName": "Bennett"
      },
      {
        "name": "Butalbital, Aspirin and Caffeine",
        "price": 1010.98,
        "buyerFirstName": "Brenda",
        "buyerLastName": "Howell"
      }
    ]
  },
  {
    "firstName": "Jean",
    "lastName": "Henry",
    "soldProducts": [
      {
        "name": "Glycopyrrolate",
        "price": 1471.43,
        "buyerLastName": "Bennett"
      },
      {
        "name": "ISOPROPYL ALCOHOL",
        "price": 339.48,
        "buyerLastName": "Fox"
      }
    ]
  },
  {
    "firstName": "Paula",
    "lastName": "Hill",
    "soldProducts": [
      {
        "name": "Gehwol med Lipidro",
        "price": 421.24,
        "buyerLastName": "Schmidt"
      },
      {
        "name": "Air",
        "price": 331.53,
        "buyerFirstName": "Patrick",
        "buyerLastName": "King"
      },
      {
        "name": "GEMCITABINE",
        "price": 1468.11,
        "buyerFirstName": "Gloria",
        "buyerLastName": "Alexander"
      }
    ]
  },
  {
    "firstName": "Betty",
    "lastName": "Lawson",
    "soldProducts": [
      {
        "name": "Levothyroxine Sodium",
        "price": 885.86,
        "buyerFirstName": "Benjamin",
        "buyerLastName": "Henry"
      },
      {
        "name": "Zonisamide",
        "price": 1305.41,
        "buyerFirstName": "Benjamin",
        "buyerLastName": "Henry"
      },
      {
        "name": "Triamterene and Hydrochlorothiazide",
        "price": 1416.59,
        "buyerLastName": "Schmidt"
      }
    ]
  },
  {
    "firstName": "Chris",
    "lastName": "Mitchell",
    "soldProducts": [
      {
        "name": "Metaxalone",
        "price": 79.94,
        "buyerLastName": "Schmidt"
      },
      {
        "name": "PANTOPRAZOLE SODIUM",
        "price": 293.89,
        "buyerFirstName": "Carl",
        "buyerLastName": "Lawson"
      },
      {
        "name": "IOPE SUPER VITAL",
        "price": 824.68,
        "buyerLastName": "Bennett"
      },
      {
        "name": "Allergena",
        "price": 109.32,
        "buyerFirstName": "Nicole",
        "buyerLastName": "Harris"
      }
    ]
  },
  {
    "firstName": "Joshua",
    "lastName": "Murray",
    "soldProducts": [
      {
        "name": "Yellow Jacket hymenoptera venom Venomil Diagnostic",
        "price": 23.58,
        "buyerLastName": "Schmidt"
      }
    ]
  },
  {
    "firstName": "Anna",
    "lastName": "Parker",
    "soldProducts": [
      {
        "name": "Pleo Ginkgo",
        "price": 613.65,
        "buyerLastName": "Schmidt"
      },
      {
        "name": "Eszopiclone",
        "price": 405.03,
        "buyerFirstName": "Brandon",
        "buyerLastName": "Fuller"
      },
      {
        "name": "XtraCare Foam Antibacterial Hand Wash",
        "price": 1251.97,
        "buyerLastName": "Bennett"
      },
      {
        "name": "Leg Cramp Relief",
        "price": 1345.69,
        "buyerFirstName": "Nicole",
        "buyerLastName": "Martinez"
      },
      {
        "name": "Albuterol",
        "price": 108.95,
        "buyerFirstName": "Benjamin",
        "buyerLastName": "Henry"
      },
      {
        "name": "Topiramate",
        "price": 578.77,
        "buyerFirstName": "Nicole",
        "buyerLastName": "Harris"
      },
      {
        "name": "Acid Reducer",
        "price": 1443.51,
        "buyerLastName": "Stewart"
      },
      {
        "name": "Phenylephrine HCl",
        "price": 459.89,
        "buyerFirstName": "Gloria",
        "buyerLastName": "Alexander"
      }
    ]
  },
  {
    "firstName": "Billy",
    "lastName": "Parker",
    "soldProducts": [
      {
        "name": "smart sense nighttime cold and flu relief",
        "price": 1101.77,
        "buyerFirstName": "Sandra",
        "buyerLastName": "Riley"
      },
      {
        "name": "Lamotrigine Extended Release",
        "price": 245.63,
        "buyerFirstName": "Doris",
        "buyerLastName": "Cook"
      },
      {
        "name": "CVS Therapeutic Menthol Pain Reliever",
        "price": 1033.42,
        "buyerFirstName": "Doris",
        "buyerLastName": "Cook"
      }
    ]
  },
  {
    "firstName": "Emily",
    "lastName": "Parker",
    "soldProducts": [
      {
        "name": "Oxygen",
        "price": 1242.92,
        "buyerFirstName": "Doris",
        "buyerLastName": "Cook"
      },
      {
        "name": "Benazepril Hydrochloride and Hydrochlorothiazide",
        "price": 1187.27,
        "buyerLastName": "Baker"
      },
      {
        "name": "Smooth texture Orange flavor",
        "price": 976.65,
        "buyerLastName": "Stewart"
      },
      {
        "name": "Echinacea Quartz Gum Support",
        "price": 570.08,
        "buyerFirstName": "Patrick",
        "buyerLastName": "King"
      }
    ]
  },
  {
    "firstName": "Christina",
    "lastName": "Patterson",
    "soldProducts": [
      {
        "name": "Megestrol Acetate",
        "price": 976.15,
        "buyerLastName": "Bennett"
      },
      {
        "name": "Ampicillin",
        "price": 674.63,
        "buyerLastName": "Fox"
      },
      {
        "name": "Ibuprofen",
        "price": 1088.04,
        "buyerLastName": "Schmidt"
      }
    ]
  },
  {
    "firstName": "Jacqueline",
    "lastName": "Perez",
    "soldProducts": [
      {
        "name": "Pleo Lat",
        "price": 720.08,
        "buyerFirstName": "Brandon",
        "buyerLastName": "Fuller"
      },
      {
        "name": "Lorazepam",
        "price": 1134.96,
        "buyerLastName": "Baker"
      }
    ]
  },
  {
    "firstName": "Arthur",
    "lastName": "Reynolds",
    "soldProducts": [
      {
        "name": "Etoposide",
        "price": 1483.96,
        "buyerFirstName": "Gloria",
        "buyerLastName": "Alexander"
      },
      {
        "name": "PRIMAXIN",
        "price": 686.66,
        "buyerLastName": "Harrison"
      },
      {
        "name": "smart sense nicotine",
        "price": 1444.12,
        "buyerFirstName": "Brenda",
        "buyerLastName": "Howell"
      },
      {
        "name": "Goats Milk",
        "price": 298.53,
        "buyerLastName": "Bennett"
      },
      {
        "name": "Agaricus Equisetum Special Order",
        "price": 585.93,
        "buyerFirstName": "Carl",
        "buyerLastName": "Lawson"
      }
    ]
  },
  {
    "firstName": "Jennifer",
    "lastName": "Riley",
    "soldProducts": [
      {
        "name": "allergy eye",
        "price": 426.91,
        "buyerLastName": "Schmidt"
      },
      {
        "name": "Ketorolac Tromethamine",
        "price": 608.18,
        "buyerLastName": "Moreno"
      },
      {
        "name": "Burn Jel",
        "price": 209.57,
        "buyerFirstName": "Brandon",
        "buyerLastName": "Fuller"
      },
      {
        "name": "EPZICOM",
        "price": 895.65,
        "buyerFirstName": "Benjamin",
        "buyerLastName": "Henry"
      }
    ]
  },
  {
    "firstName": "Jonathan",
    "lastName": "Rodriguez",
    "soldProducts": [
      {
        "name": "Warfarin Sodium",
        "price": 770.05,
        "buyerFirstName": "Nicole",
        "buyerLastName": "Martinez"
      },
      {
        "name": "Effervescent Cold Relief",
        "price": 1436.07,
        "buyerLastName": "Harrison"
      },
      {
        "name": "TYLENOL COLD MULTI-SYMPTOM DAYTIME",
        "price": 1010.81,
        "buyerFirstName": "Gloria",
        "buyerLastName": "Alexander"
      }
    ]
  },
  {
    "firstName": "Thomas",
    "lastName": "Snyder",
    "soldProducts": [
      {
        "name": "Perrigo Benzoyl Peroxide",
        "price": 873.24,
        "buyerFirstName": "Sandra",
        "buyerLastName": "Riley"
      },
      {
        "name": "Enalapril Maleate",
        "price": 72.71,
        "buyerLastName": "Bennett"
      }
    ]
  },
  {
    "firstName": "Ann",
    "lastName": "Stevens",
    "soldProducts": [
      {
        "name": "PredniSONE",
        "price": 286.43,
        "buyerFirstName": "Brandon",
        "buyerLastName": "Fuller"
      },
      {
        "name": "LANEIGE MYSTIC VEIL FOUNDATION",
        "price": 20.86,
        "buyerLastName": "Bennett"
      },
      {
        "name": "Metformin Hydrochloride",
        "price": 953.99,
        "buyerFirstName": "Brenda",
        "buyerLastName": "Howell"
      },
      {
        "name": "AIR",
        "price": 581.69,
        "buyerLastName": "Fox"
      },
      {
        "name": "Americaine",
        "price": 1165.75,
        "buyerLastName": "Mitchell"
      },
      {
        "name": "Diastat",
        "price": 614.14,
        "buyerFirstName": "Rachel",
        "buyerLastName": "Johnson"
      },
      {
        "name": "DIVALPROEX SODIUM",
        "price": 1287.03,
        "buyerFirstName": "Wanda",
        "buyerLastName": "Harris"
      }
    ]
  },
  {
    "firstName": "Eugene",
    "lastName": "Stewart",
    "soldProducts": [
      {
        "name": "leader pain reliever",
        "price": 1179.79,
        "buyerLastName": "Mitchell"
      },
      {
        "name": "H-Rosacea Formula",
        "price": 99.74,
        "buyerLastName": "Fox"
      }
    ]
  },
  {
    "lastName": "Thompson",
    "soldProducts": [
      {
        "name": "Protonix",
        "price": 466.70,
        "buyerLastName": "Fox"
      },
      {
        "name": "PCA SKIN ACNE",
        "price": 1356.22,
        "buyerFirstName": "Brandon",
        "buyerLastName": "Fuller"
      },
      {
        "name": "Shopko Lip Treatment",
        "price": 861.42,
        "buyerLastName": "Moreno"
      },
      {
        "name": "CD CAPTURE TOTALE Triple Correcting Serum Foundation Wrinkles-Dark Spots-Radiance with sunscreen Broad Spectrum SPF 25 010",
        "price": 77.23,
        "buyerLastName": "Stewart"
      },
      {
        "name": "Childrens Allegra Allergy",
        "price": 650.97,
        "buyerFirstName": "Nicole",
        "buyerLastName": "Harris"
      },
      {
        "name": "TERSI",
        "price": 554.91,
        "buyerFirstName": "Nicole",
        "buyerLastName": "Martinez"
      },
      {
        "name": "Amitriptyline Hydrochloride",
        "price": 1453.96,
        "buyerFirstName": "Sandra",
        "buyerLastName": "Riley"
      }
    ]
  },
  {
    "firstName": "Betty",
    "lastName": "Ward",
    "soldProducts": [
      {
        "name": "Aspirin",
        "price": 925.45,
        "buyerFirstName": "Patrick",
        "buyerLastName": "King"
      },
      {
        "name": "Metoprolol Tartrate",
        "price": 1405.74,
        "buyerLastName": "Peterson"
      },
      {
        "name": "LV-FX",
        "price": 820.87,
        "buyerFirstName": "Nicole",
        "buyerLastName": "Martinez"
      },
      {
        "name": "Alcohol Free Antiseptic",
        "price": 1486.07,
        "buyerLastName": "Mitchell"
      }
    ]
  },
  {
    "firstName": "Marie",
    "lastName": "Williamson",
    "soldProducts": [
      {
        "name": "Acnezzol Base",
        "price": 710.60,
        "buyerLastName": "Fox"
      },
      {
        "name": "MEDICATED DANDRUFF",
        "price": 1351.02,
        "buyerLastName": "Moreno"
      },
      {
        "name": "equaline",
        "price": 520.45,
        "buyerFirstName": "Rachel",
        "buyerLastName": "Johnson"
      },
      {
        "name": "Labetalol Hydrochloride",
        "price": 1345.11,
        "buyerFirstName": "Rachel",
        "buyerLastName": "Johnson"
      }
    ]
  },
  {
    "firstName": "Jeremy",
    "lastName": "Woods",
    "soldProducts": [
      {
        "name": "Baza Antifungal",
        "price": 1162.34,
        "buyerFirstName": "Sandra",
        "buyerLastName": "Riley"
      },
      {
        "name": "TRAMADOL HYDROCHLORIDE",
        "price": 516.48,
        "buyerFirstName": "Nicole",
        "buyerLastName": "Martinez"
      },
      {
        "name": "Fair Foundation SPF 15",
        "price": 1394.24,
        "buyerLastName": "Harrison"
      },
      {
        "name": "ENALAPRIL MALEATE",
        "price": 210.42,
        "buyerLastName": "Stewart"
      },
      {
        "name": "Nevirapine",
        "price": 1374.72,
        "buyerFirstName": "Brandon",
        "buyerLastName": "Fuller"
      },
      {
        "name": "up and up temporary minor arthritis pain relief",
        "price": 1085.78,
        "buyerLastName": "Mitchell"
      }
    ]
  }
]