<?xml version="1.0" encoding="utf-16"?>
<customers>
  <customer full-name="Cinthia Lasala" bought-cars="7" spent-money="25844.3380" />
  <customer full-name="Carri Knapik" bought-cars="8" spent-money="22217.5015" />
  <customer full-name="Oren Perlman" bought-cars="6" spent-money="20178.1600" />
  <customer full-name="Kristian Engberg" bought-cars="4" spent-money="16762.1755" />
  <customer full-name="Louann Holzworth" bought-cars="4" spent-money="16585.2555" />
  <customer full-name="Jimmy Grossi" bought-cars="3" spent-money="16091.3490" />
  <customer full-name="Francis Mckim" bought-cars="3" spent-money="15844.3420" />
  <customer full-name="Carole Witman" bought-cars="3" spent-money="15054.9580" />
  <customer full-name="Rema Revelle" bought-cars="4" spent-money="13697.7560" />
  <customer full-name="Rico Peer" bought-cars="5" spent-money="12944.5870" />
  <customer full-name="Lino Subia" bought-cars="2" spent-money="12907.2690" />
  <customer full-name="Hipolito Lamoreaux" bought-cars="4" spent-money="12777.4335" />
  <customer full-name="Natalie Poli" bought-cars="3" spent-money="11166.9340" />
  <customer full-name="Johnette Derryberry" bought-cars="4" spent-money="10127.3105" />
  <customer full-name="Brett Brickley" bought-cars="4" spent-money="10030.4270" />
  <customer full-name="Nisha Markwell" bought-cars="3" spent-money="8767.4210" />
  <customer full-name="Audrea Cardinal" bought-cars="4" spent-money="8010.0770" />
  <customer full-name="Garret Capron" bought-cars="2" spent-money="7915.7480" />
  <customer full-name="Faustina Burgher" bought-cars="4" spent-money="7855.8790" />
  <customer full-name="Zada Attwood" bought-cars="2" spent-money="4877.2050" />
  <customer full-name="Hai Everton" bought-cars="2" spent-money="4590.7195" />
  <customer full-name="Yvonne Mccalla" bought-cars="2" spent-money="4352.0025" />
  <customer full-name="Taina Achenbach" bought-cars="1" spent-money="3533.3540" />
  <customer full-name="Donnetta Soliz" bought-cars="1" spent-money="2812.0320" />
  <customer full-name="Daniele Zarate" bought-cars="1" spent-money="2298.3750" />
  <customer full-name="Sylvie Mcelravy" bought-cars="1" spent-money="2079.4500" />
</customers>