<?xml version="1.0" encoding="utf-16"?>
<cars>
  <car id="6" model="250 GTO" travelled-distance="2183647" />
  <car id="9" model="250 GTO" travelled-distance="214747" />
  <car id="14" model="250 GTO" travelled-distance="214747" />
  <car id="22" model="250 GTO" travelled-distance="213647" />
  <car id="4" model="250 GTO" travelled-distance="213647" />
  <car id="12" model="275" travelled-distance="92854775807" />
  <car id="32" model="275" travelled-distance="2147647" />
  <car id="7" model="275" travelled-distance="214647" />
  <car id="15" model="Daytona" travelled-distance="92036854775807" />
  <car id="8" model="Daytona" travelled-distance="922337275807" />
  <car id="41" model="Daytona" travelled-distance="2147447" />
  <car id="2" model="Daytona" travelled-distance="213647" />
  <car id="23" model="Enzo" travelled-distance="2147483647" />
  <car id="5" model="F40" travelled-distance="214647" />
  <car id="10" model="F40" travelled-distance="21447" />
  <car id="11" model="F40" travelled-distance="2647" />
  <car id="20" model="F430" travelled-distance="92236854775807" />
  <car id="13" model="F430" travelled-distance="2147647" />
  <car id="3" model="F430" travelled-distance="214647" />
</cars>