<?xml version="1.0" encoding="utf-16"?>
<suppliers>
  <supplier id="2" name="VF Corporation" parts-count="2" />
  <supplier id="5" name="Saks Inc" parts-count="7" />
  <supplier id="8" name="Nicor Inc" parts-count="7" />
  <supplier id="10" name="Level 3 Communications Inc." parts-count="6" />
  <supplier id="12" name="GenCorp Inc." parts-count="5" />
  <supplier id="16" name="E.I. Du Pont de Nemours and Company" parts-count="6" />
  <supplier id="17" name="The Clorox Co." parts-count="1" />
  <supplier id="20" name="Cintas Corp." parts-count="6" />
  <supplier id="22" name="Cintas Corp." parts-count="7" />
  <supplier id="24" name="Caterpillar Inc." parts-count="2" />
  <supplier id="27" name="Airgas, Inc." parts-count="1" />
  <supplier id="29" name="Agway Inc." parts-count="4" />
  <supplier id="31" name="Zale" parts-count="3" />
</suppliers>